left_shoulder_angle,right_elbow_angle,right_hip_angle,right_knee_angle,right_knee-right_ankle,right_shoulder_angle,left_elbow_angle,left_hip_angle,left_knee_angle,left_knee-left_ankle
183.15716431060628,192.72724179532952,4.367408723350308,352.7426005240891,-92.8899907525606,3.5508536511020448,203.24303285422144,180.0,359.0519773190937,-90.9480226809063
185.46293131914376,197.78230569247785,4.783905706974728,352.1369196896951,-93.07917460333016,4.1022290242915975,211.5216760287269,90.0,269.08673371506194,-90.91326628493808
191.20038785405808,195.1365874865772,4.850714501620955,347.9673670289143,-97.1819184694648,11.200387854058084,204.55546113299127,354.05028129006627,179.13569312696333,-96.8140255829704
90.0,189.36037560264893,4.45284337253441,347.9290150942188,-97.61814153324679,13.852820876591627,114.47828449970004,182.82367741998007,348.1364284229244,-99.03989415709553
180.0,195.3509787577816,3.0218642368820454,345.63500592711193,-101.343129836006,9.489920968694143,204.97068194528836,181.40132826826695,347.0683476072651,-101.53032412446797
270.0,25.116559201675226,180.0,180.0,90.0,269.08615994466425,25.615069527076383,0.0,180.0,90.0
225.53098330009763,333.52342484543556,1.583937355906281,178.41606264409373,90.0,8.150112972255192,116.14294384448206,180.95324860482324,197.39412946001323,108.3473780648365
0.0,173.56691478250377,3.7486626631104594,193.02128568453543,106.76994834764587,33.66951906683223,26.54660126866056,356.2715908006129,20.414990413892856,106.68658121450582
0.0,28.667183418675474,9.622419712583694,148.02982034479015,67.65224005737383,180.0,28.484595364158128,182.33360398756273,177.6663960124373,90.0
190.36802402633907,29.181323256192528,10.453960692408277,142.6918425898429,63.145803282251194,178.17153736366,348.3905496823454,188.6568875485268,150.17429941256762,68.83118696109442
282.5155440610623,21.234178965126045,13.858716672857655,136.41107922491756,60.2697958977752,273.95193922153453,347.4844559389377,191.43082804776776,147.6315307544252,69.06235880219297
180.0,193.9093434245904,89.21683890144524,131.70812011420867,59.53296606134652,13.007463744167584,206.3358152899569,262.1360091477421,152.98170254361878,73.72600744287902
90.0,188.08644315770744,107.32602688526588,143.09197485856217,67.02585739939032,108.30439791192268,205.6735484446673,288.75165497321655,150.9193950886894,76.2788671486247
106.64040101787144,191.78744409532612,91.61429457471868,142.75673410315153,67.22162402982647,107.86537458860101,193.44031174495368,287.54493963544036,122.9421966400455,63.337731627442096
200.0694722791881,197.78857010608849,88.17347059666926,143.12782979921639,69.76025478180235,13.139885136055835,191.900063110862,283.4632747333003,122.64543274183124,64.56766186104825
197.4810463969356,198.9568355863225,38.74881466334412,141.25226369401727,71.5844283451083,5.023378248630109,185.65915760307803,221.18250061350943,136.06810302079964,68.83560483406443
319.8846659836199,205.10048197658196,357.38283524245384,140.135723691794,75.21250922694361,139.36002329079463,172.83743280854387,176.7294308341206,140.9772675148317,75.4002545449621
288.47952871161687,191.4359842242156,80.10862537382783,146.62367460277707,80.49101866556242,116.58900262198851,208.67696942486964,261.3220939298704,145.68774008225068,80.76791754582369
195.46799469744488,196.05035494769731,105.6842123568958,154.9616975874307,85.41114395747573,25.24687986637538,206.99621960238463,290.3180141565817,150.3276683137152,85.41114395747573
191.3813961370059,192.44838308528327,76.97995335967451,159.82350905448843,90.0,22.930887359378513,218.29741160668672,278.4048577661952,138.82732411893315,90.42871947096535
180.0,187.12604976729648,88.5912486920108,165.72686771836095,96.40922082634083,13.618674273054628,217.6357254585668,289.63081783270087,145.58753333563683,97.309587860097
221.60970768565505,189.72505628066435,91.84679475437984,168.04622844261544,100.71569286062525,54.487538004169245,220.92269159173009,249.1772571713652,229.86155866949505,139.86155866949505
260.52130666255704,234.434792371542,105.02890500375912,171.09448089063787,105.79987500089224,71.7903406016254,223.71350553413853,256.8873398590284,238.00094684421373,144.56475770892445
265.22887801995057,191.72545004446036,108.61316153629498,175.17673551010876,109.6253532565796,95.01373271251884,224.9550680409025,259.772748012884,243.65264166277916,149.26081301471459
268.024852088735,192.04273295784324,110.8530723382248,177.12871136576052,112.64924274821652,96.37452243346966,226.0507201279776,259.3033263742706,247.88454838072633,151.85531559475547
270.7516278398847,196.37270350730185,102.80394815533404,179.30504434087524,114.79827163418133,94.37477441535407,220.94546655399648,249.6048621804233,252.0901434640496,154.3843383365292
274.8701351165052,201.4425552020865,101.3223811391383,179.24351692543985,115.8161729933368,93.73980938963057,217.050455775566,244.2254673324548,255.54741719790647,155.02322289526583
279.8553342708367,203.43753337612236,105.40933085870854,176.78130467126076,114.14768449994428,93.84056420318734,212.33038814983183,247.53360421153772,256.4413515289121,155.9320476100804
279.67333845642946,207.06570089435013,106.81007300743806,175.31015808024858,112.6923928815716,89.80170771733438,213.0339167768992,252.05714371036933,252.49542902692835,155.12477959838856
284.82688390030506,194.4865669493477,106.82841475587712,172.11715881270737,110.08258498694325,100.38258063667448,211.11820841383417,249.88866909481732,253.1036278736511,154.12934570916593
282.8942468598348,203.30122872713457,107.92222728227912,170.8263521757339,107.34815666522508,95.64892403163375,212.051755543358,249.4704282127832,183.639801209838,81.70980662983325
280.6775885117314,198.67283507707904,104.47857909432643,171.08412543175953,105.72111930014923,95.6404567987942,212.46833197326168,247.3539682010304,180.85234623041796,78.36472920551158
282.98239614882834,194.23965653412037,102.0503983102929,172.4076114496652,105.35304037205252,100.59703618305176,210.675718440342,245.8530727447398,177.38947391491345,74.1375262000963
289.73274923394854,192.096572370242,107.63969173631271,168.84473400938484,102.08733171850756,106.18458065680548,208.71043910483183,251.61823333654016,171.37819739755832,68.59930425836349
282.3939522537046,189.82107304208597,97.38437470993735,171.4535448952976,101.27909989618848,101.98356572606475,208.32546970170677,247.01971533361,161.55266001409154,61.013555638655085
281.70204944210496,190.8935525695384,94.23164956160984,173.1648566815394,99.5925803675154,101.20809167965562,206.21480501078767,248.2901380482249,155.10850906126316,55.59466961384176
280.93176552425166,195.854839776154,91.95295978457946,173.46975474694125,98.69208014170286,99.98396698719183,206.16553084839504,248.61858377341048,148.3120016437586,50.20000223555371
284.7104724372431,193.1237711104717,92.18050918442765,172.36655719243873,96.28415503811968,104.94601203931094,203.6322991963178,253.9351416111498,140.8117317411565,46.48396201355965
278.7115031153164,193.74274746911408,90.34669943123016,173.34039159084125,94.99175505305423,98.83394294182611,201.51771268667244,256.9718804741975,136.70979465222132,44.98629108677408
283.8439931229482,199.00286967233777,87.98243512061929,175.24487906997035,94.15095157573826,102.99798791768116,202.2087135506794,260.34933620135826,130.9229109346288,42.19583798996396
282.12934301692144,202.2682364054467,87.31411444597101,173.8274787886699,92.25457632848352,98.2805371369292,200.06592371758407,263.15491508252705,125.33185598256716,39.59975415893684
282.12763255149054,203.94410938352829,79.91721069445337,175.40078154959497,91.83173532776009,98.4662096654524,200.88514378763833,258.96656274372555,123.19630013282347,38.67660596026077
282.96127994217653,205.76629954397092,84.97355656922335,175.4264566476602,90.91458893685082,97.67953181309183,199.46396295475205,268.14660814676574,119.31129590317084,37.972492468566145
277.38864078664244,200.5171385995338,86.85266480336858,174.09154839106472,89.54243173332658,95.78313333367261,198.45411653565597,273.8633516330923,115.99364529881824,38.45526629291834
272.8366609225543,202.3715482795602,88.27392944467196,173.0749060637546,86.38044581338707,91.0842299268577,198.30047420634529,279.45122791137874,114.40522600392723,38.88811226407517
271.0069888454352,180.66348909843407,91.3077471604336,173.36471478221083,86.22290229012475,98.7426080265173,196.65943146763436,278.77633755015813,118.69049513388975,39.017273031528234
275.03565054544555,179.32785667616443,81.42724070668115,179.93153247309704,88.6685344484919,103.11306059103572,196.02433531427192,278.6270480548434,115.34131164554456,41.2782260161211
274.83616184157836,185.84782676231967,89.30552247908109,179.51586250072555,87.38513597512573,104.19301495803228,200.417917943511,288.67071024716813,116.69096918212232,43.92550620035065
274.609230063813,191.99402564430332,87.46496158468771,179.05386578399705,86.51882736868477,104.13750148764744,199.73603740130127,289.39308550637486,117.2015196793222,46.594605185697056
273.94146509252414,196.2501576033333,84.42831599767321,180.95570052927104,86.85955068927282,102.39353601242128,199.68805770299767,288.94652533509526,120.0079571264083,50.43001662383217
273.7684813000338,192.4438853722748,78.72450978664115,187.53333760421145,89.1274932718063,105.33380579114444,199.45300769947912,290.38231047136395,122.2001463495212,55.452116476013565
270.1734230548954,191.75507381036996,79.1066924466834,188.312236201717,89.0157812195227,104.529307108763,200.27938807861096,292.5715426486844,125.028070183415,59.196533477004685
274.3538068457188,190.04481361268907,74.16705733222227,183.7426179882949,83.43645256392203,112.85772830534601,200.28193616508025,289.39407442278355,130.35879698552964,65.27970254188803
269.2617225711318,197.87181010643525,73.10171377238918,185.4637428083,84.48538525779662,105.03706482509936,201.77406211766703,289.27409849773966,134.15501032252863,69.34903749737569
268.97007575548366,195.90722847048107,73.70053987696492,181.62144344124283,81.24766275569685,106.97805865202405,200.6562131383419,292.57173646548586,131.88277655469335,70.38028657581768
267.8130452118593,197.32950091366695,68.70900948633769,183.6977890553488,81.87495335950524,107.75940049813974,202.5709738996716,288.92927587998844,137.86599368650747,76.2634839374639
267.96817986891006,200.10292502783537,56.48185600705737,181.76908429472863,80.50983798348828,106.62946892296668,200.40854276506457,276.5653492360368,143.64204643093947,82.46606237097946
268.7092881539287,197.5039376543519,71.34940712562761,181.18741005446367,79.6771003028365,110.50752071029608,199.7336621372112,291.1626732749437,149.29964350245575,87.60265656472694
266.3642318159527,197.48133644372044,70.25922100258664,179.89308642040163,77.94050811176692,110.3402330830147,200.73949591884124,289.9747768582181,155.8275126245982,93.59049017159502
265.61619138146654,198.54890332307863,69.58789617650139,181.4752517981686,77.18152547758564,109.28224425551984,198.4057865987676,291.4677420693542,160.82233790408492,98.40841580588268
271.51629464021494,198.3830158900796,55.953730951621694,181.33869825312613,75.80225964701829,115.85453686972484,197.4810090117199,279.1643036509707,165.51105382803618,103.18507716666196
268.904992900377,199.74204391328536,54.43868606257121,181.82752607648183,75.34477763030128,115.30874798871643,199.9589050451556,277.9237450456519,171.51172692064313,108.51423997048684
269.97093313438256,195.87475566975783,55.75903420095791,181.4075922928804,73.90434082924693,119.0157229451752,198.13381233597363,279.9409935428455,176.4695784894973,113.14820209439938
268.6048979303215,199.35178493341311,67.85835443172265,180.78153190213948,72.73426906795744,117.25547641880726,197.8896386049164,292.08412067730615,180.33758485307203,116.51599040001608
268.6749819738071,199.57119611808625,55.99523696144525,180.6727579552069,71.14532789463036,116.442577115616,197.19664130242077,281.9059764642364,181.07912573938728,117.46251836811103
268.095693605791,200.97411077551493,63.80385560250374,179.94195004107107,69.86014402142926,114.66555907090708,195.82122055256212,290.8013433439107,180.01644065727507,116.93216398529619
268.1735899696887,202.75981793341333,47.29436722183495,177.11823303410097,67.35573473771946,115.0935387858838,198.33513579570857,274.9810318815591,176.368586862239,114.29290510862351
265.8202118036692,198.36983151965316,47.082168166596254,176.1181475560346,66.15716899484896,113.13964409415858,194.41209565041527,275.47127829508975,173.27532503361644,111.70345660092426
265.0819526726683,198.58207490246335,42.49803629526662,175.7586378508993,64.8362126166345,113.08498245433816,193.9177059534572,272.3413250372148,170.64118237924305,109.56186241191052
267.95281741706407,199.36581321020697,41.303180798080234,175.5666863466367,63.44903381085741,115.61970134272568,194.7855107586896,271.597480068964,170.37590693960755,108.552553674712
265.284205119236,199.8177059562604,38.12544565925704,174.24597456026055,60.83653322543864,110.39265236475724,192.3035277631149,268.44125822155434,169.5393084832016,106.44567971067696
263.3594347840308,201.75098258107968,37.62873125917014,171.6631641915525,59.072752718694154,105.68733643842124,192.699199670731,266.5734710319595,167.86961130415662,104.22371344870676
266.36712392659547,199.994060392582,36.8171581310274,169.15971028795371,56.613981807674655,108.39531535390404,190.13779861200447,265.69743855350504,165.7033374981528,102.03788944035134
265.3689399122231,198.21744629236244,39.4814889837976,165.11160068807388,54.092263579793546,106.8064243408517,191.14474879434445,265.7881083675728,165.00822857380572,100.29530568881437
260.7955349415686,196.37788065855656,39.036516838696194,161.66189222926698,51.30799770268348,103.92420282811048,192.3001008859848,262.6705442791909,165.32560554791513,98.60542667759879
264.6775018462973,193.907386385562,50.45988493008108,156.75543253896316,49.51401159604416,105.34370594422948,190.2903143676701,270.5827426030831,164.33124944161827,97.21261745291267
259.791702897984,199.9590571332926,45.86435429067841,152.2718101778726,46.805057485586545,96.44181589883692,192.5426713413505,261.98068482687177,165.0472594655257,95.69683730943298
258.4835346393549,194.85457218218343,45.996275045211355,150.15728657107653,45.94671040087212,97.18197206994049,192.10101753854508,258.73597002059614,166.22513125746164,94.75437746375155
262.7391582018216,195.4825585183816,45.296467533140515,147.13540658608636,44.77661200892978,100.03901304468486,195.2022575966444,253.84131862694025,167.2990260840652,93.48534486154301
262.9761239096832,196.94842568922567,48.91634260590997,144.92432828808046,44.49494261586887,96.7746358617431,194.70973695123567,255.575987984502,165.5826432429427,91.81290294932319
260.00485745093965,194.5942552385509,61.52507900265278,143.51931726307174,43.49555599832215,95.96392115944184,195.83958999150215,267.0372507079064,165.8220917963413,91.31062468795913
256.8561752442077,196.18304052425844,56.607721672603326,139.957520842505,42.13826564862698,88.32571249847203,194.80647401722183,257.96281842422394,166.46444220335317,90.0
255.39448132887907,198.5196919011265,65.19860778134603,137.03854924618963,41.68505955200342,85.10919594578094,193.75327966847237,260.4134584597716,169.70126003950455,89.56282414209913
269.04671351197425,206.72320111466033,91.13355880414176,124.4723288654192,40.3735494467232,91.74435233256706,194.78302263445016,275.42006480935686,169.37538686343595,89.56299967457073
257.50195271779484,198.85425254578527,81.91223181132176,123.95742913835502,40.29535986940331,85.23416448761128,194.06808700084096,267.1303037772436,167.5891503417696,89.14522884588418
267.06559319696623,195.86761271832864,88.30368146247697,123.76427997127078,42.089981812154065,94.37527484190637,193.90280617328193,268.43716865947266,170.2207489726741,88.6799149901541
267.75897961037185,192.34149562510171,86.0390634587673,126.24555360710065,44.543002498302606,94.72726407978509,193.86752999075028,264.9815082804769,170.551193552818,87.79114919638617
253.3408487265145,191.59929591956504,73.64874978101395,116.68077998625913,46.60721961291564,77.00207912591311,195.47284807907408,239.55218683449309,171.04270966382543,86.87246715938846
257.10885186688955,185.58264120437607,76.38406951061026,121.2199105100882,48.20729088395928,81.96283151535789,196.9020296483774,244.85170767716596,169.82151326103659,85.27653180146338
272.254060745896,203.46241411905865,74.95542850802777,127.01487116862243,55.12959390027903,87.3399710501505,198.79939649397647,241.0696168061901,170.28085746420052,84.50954905391065
274.674571984204,183.8018533841454,83.8485991006382,126.44457891907793,56.12597168661999,97.08086274760193,198.04510481789728,247.01421672167004,171.17669618498903,84.02354597531487
277.68670410097155,201.06743231097687,92.70512106197232,133.97194309000596,65.73602519735549,92.27224964405741,198.80358651346145,253.40817399902687,169.66453259338147,82.13155045720154
275.68718041890963,204.0354752495572,107.29005243950633,135.4073630719103,68.0560308861155,88.72051437841091,198.60459421568993,266.65696697012663,168.52702427952434,80.54257465757811
282.34383252682653,202.56048034761363,100.92867471491228,139.67964356884397,71.34360451857647,96.92650239741505,199.78037585519465,260.4986578693358,168.6777420546962,79.91155978401066
279.1365320292071,202.47010839367184,109.91632397263092,141.2374601959326,73.82603036966387,94.1518241440803,201.88755671788425,269.3094826597076,166.5750919270537,78.5568207878617
277.6534298815343,201.10525015228828,103.61163274323916,147.28342465320216,79.04237844446111,93.5516470787785,200.52745822097967,261.85261467163053,167.03236215600825,77.03236215600823
277.5606473232612,200.18567958948867,107.32789186813008,153.65473816544477,83.71116247884979,93.5730004920707,201.42009593630064,265.1830313051233,168.5707622903944,76.48231358561085
275.50798403733023,201.60890990218647,107.90951704558012,158.58733169358794,87.80090496652971,91.17301794378163,202.5545017215347,265.5211519202291,168.84726105485308,75.67247489693597
276.8864605975016,201.26753224695216,107.57063941286955,164.60883960965143,93.48505017270396,92.1701393956139,200.74931728810589,264.1165360975001,168.7323172877348,74.15436195177409
279.8562973144629,199.4879494291137,102.35224794291192,167.03501332664302,99.11099275061758,96.1455737671488,200.7517975856045,254.4391490086656,169.9439010741801,74.1067292435948
282.80258746441046,207.43737975227052,110.18202736748349,170.70665566091523,102.442028334078,95.7335363183252,203.52742491938355,262.03925524972374,168.44902609397644,72.04162664937947
284.59058204099136,169.88496178100664,96.37696839062112,177.28054427252556,107.70889508462308,97.93064851021452,200.75870431879972,247.59197170942733,169.54257774622167,71.18601282871616
268.98798837171324,204.31785893517727,101.17035994464273,179.5827948677582,110.54252073998656,83.70653159385219,201.20430465270243,250.02196367017677,170.14596003851602,69.95716569064805
272.54873859339966,208.69543817103377,104.89770404154696,182.01792398994212,112.82444446392732,84.81833923926084,202.14236733102868,252.94148651246869,170.15164096342136,69.00185009468903
286.95600142223367,209.60785416563448,105.72491151548395,180.83163357346567,111.924024091164,98.25817866468857,202.42989932409063,253.26747835508877,168.55480482696353,67.18973009862424
287.6243409092545,204.1230981088952,102.73878805007132,181.13737189389295,111.47243620901916,101.40852586269843,200.94069585019392,249.745832823257,168.53022925495662,65.87236236165998
282.03835912387615,204.71936470278172,107.72337016364992,180.0435491762073,109.50562532472864,97.2992379444741,202.99439714474624,256.41334989527127,164.75750978275536,62.90957072450262
285.5019639556235,204.60790585992945,106.63025181978638,175.22222554057873,105.80359126044868,100.88905169815108,203.5497729741286,253.01268667524693,163.53440198973843,60.49809494853305
285.5161480676589,208.2248030175618,114.26017151147347,177.93988164534844,105.28512710230576,98.27148286362709,201.7944762223005,263.0813209143968,163.16976779198183,59.336244739244336
287.9160142049183,207.57654911716008,106.15745114401416,178.16033340932387,104.31778455333804,100.86258888796102,201.719506159232,256.2950388125708,160.0947418822744,56.389780694845214
280.4606231559789,201.5497154070397,107.3964693206766,176.08865402903928,101.84961804052332,96.45165017382284,200.06624897381485,258.96698153208087,156.68373165259862,54.01512940131671
278.72348459625647,199.03215468418816,103.74498330104156,174.03569813647744,99.82957766367596,95.97408114475095,200.36205916086837,255.81614428592837,153.46219103576243,51.32713330193528
283.6481509062777,199.45921961089851,95.996670571518,173.45672176724534,97.58924811866346,98.42094557287862,197.68307372185407,252.05980763137413,147.89635435906672,48.09204531813633
277.8931455746169,197.43508410519487,98.74401288654741,174.3247243163232,96.77037204977526,94.15636582915864,197.3312228824581,260.21506693793174,141.99287732863226,45.90959056769866
276.3077214720889,196.82676371953016,99.04292377438675,170.62636100722543,94.07710706455886,93.04588230458566,196.97537153303983,262.539857859526,136.11741063374035,43.06509077621299
271.48851180863096,198.4693946396692,86.66105206322764,171.5127241208689,92.72336955428489,87.09743436336714,197.64698063254167,255.0135718798653,130.7269399608,40.29005924394221
273.5064744678345,196.07928179497247,101.87123904586396,165.65049760942796,90.89929151441967,91.44685129259655,197.04514735689395,269.6711636185872,125.02172639593628,38.07042579798453
258.20004020488767,192.6529257437045,102.13044515712272,162.2250910309686,89.12673659102104,75.86122707207667,195.77912241000448,271.1836719558527,120.0875511035131,36.04242346229552
265.7193339667704,194.56445416212827,82.18202351616041,162.95439301727527,86.96924265609776,84.27298681073457,196.7104529316121,256.3453895094644,117.89257555124956,36.07063286798197
276.84792153970955,197.86787694022087,79.38541670804413,166.30201405288068,86.28728155717799,92.64458480039887,196.831610191638,260.02183258180463,115.75929103584276,36.38086089328202
276.789471267432,196.1479147379395,74.03759325928574,171.8748823106756,86.80041736425837,92.64605297746054,195.40031623062143,262.71600131761346,112.67649679965857,36.28043991156902
271.99036415243654,196.95082446134876,89.15235558734938,169.8524875319104,85.37104687491251,88.32607576321736,194.94652801157156,279.9130796575186,111.2783897999066,37.55763942504162
270.0348074146685,196.81399902573312,70.18869699480567,172.0551850557144,85.46767613076706,87.94637640868454,195.9917325353965,263.8281852210424,110.8567590565497,37.90842972621537
267.49038293914856,198.7022852373064,93.93943256382452,173.36995429821934,87.30938686204385,87.05166518501437,194.43216846275777,288.344009894078,111.77178795541244,40.11579784949048
263.6720238472768,207.68485275125747,274.8302892667506,173.82883669259195,88.65912595934255,82.64396204773047,195.26584385935237,111.7755828136706,111.76229980151494,43.53788261518554
265.4624163593207,204.02374879489,274.62943862266974,174.07378900388608,88.70322762655586,85.98488103425457,195.56168840123223,112.6047829790918,115.87587162783385,48.48065460692565
225.99311142931893,221.3444430766778,272.2145608266307,177.33885752760227,89.55341835423295,41.19814883601582,196.79926682691513,116.13605830628099,115.53275858650628,51.66881689278727
117.13000417061112,216.21605185491117,271.7326822020395,172.37139383208077,84.10407603412023,297.6451099119027,196.09300381192628,116.90554925143167,118.99319996223807,55.8987492136697
270.0,216.0290529151237,241.45725866983776,171.98283347557904,81.55278233944574,93.11685556349059,196.61850788026064,86.79451830620965,123.3935877009259,58.300500653249856
258.1060858496988,197.7114418463804,252.3699795939121,167.54254607739952,79.66759827973696,91.4767951396257,196.79256873031,93.84810518313424,128.2853216993175,61.88849949087712
260.72446894812856,202.36951152968047,253.82435917809687,168.5618446506391,79.83681459393462,93.77333945366777,197.7291493715422,96.30540780993213,132.44952616741605,66.20567275173366
255.3425976993805,203.37204259801644,253.52217314199987,169.8357851690922,80.25904311716941,88.50328922487908,197.61091888061893,97.12472160387648,137.71725933969404,71.7431886740851
263.8172437393655,201.61403868992235,252.7365248146088,173.5840639393702,79.36398345139747,96.77816282128467,197.69070243540745,100.55069275047548,144.06150436443093,77.65559181232493
265.0327821693488,207.5143172638556,253.20700606692657,173.994546460459,78.55629269511472,95.79348847701581,196.48959373992892,103.52552131896579,148.7583351396679,83.6385172198147
265.7365003645596,207.91313012166685,256.10433722111645,174.166525459228,78.72203532139939,99.33982651923132,197.98590186906776,106.09445685778584,154.16601636465768,88.71157565906216
262.55835429045385,205.06735402660271,250.38729287657327,171.42638923546835,77.10468629842374,98.10500491967309,198.0161659021412,96.82625045769296,163.41053628422924,95.52767068432821
268.9610555757808,207.4909129180004,259.34595734344725,171.55884083249316,76.11194854609259,105.53262404265033,196.13110143582543,107.51759392413412,169.13561646490473,101.86027786033092
264.7759746696645,206.10060880925388,253.0780661673793,171.38145400425486,75.20852462982181,102.3543657011946,196.607242446846,101.05957538645497,175.20756157702223,107.01609679238003
264.76889562568687,208.2284966951962,257.3596737556032,169.99708161936152,73.37807868622353,102.31452467107572,195.9674481301493,105.43998841891148,179.35399876962788,110.81525392661536
267.5239047172299,208.4649248692726,257.41044950600553,168.4774405794221,71.76101434002196,106.64788362861005,197.13004977233996,104.43746044235625,182.8270325622815,113.13763164810656
279.4181702428659,211.5048466298923,265.56840310555674,170.27156074792916,71.31683890936449,114.41222211516254,194.2149713647108,114.99307182788895,183.5787460751181,114.04863227539528
107.52145292216989,201.43480540773336,264.9886323829667,166.1941820095329,68.51125004798472,315.69688022299965,193.05511839244332,112.73532847014368,181.99373804993596,112.05744417241021
268.0903549168602,213.87661020865715,262.62188596542126,165.6908598897894,67.035887099388,104.05982093224696,191.68700927361348,112.25717715088152,177.5342268291216,108.51460370116465
263.3651076013561,213.84816083309104,260.3367283379774,164.33087539084727,64.66760372882463,100.06500584445244,193.33424572916132,110.91726833241616,176.8476264895057,107.76489482192189
263.4237969461508,209.37755042032805,259.44723054665286,162.4205917164664,63.266221392851726,101.78327035693704,192.72596657760548,110.5445088239863,173.5052112721824,105.4481896299652
263.7188447636634,214.50906472733112,260.46873761870563,160.89222805809794,61.36096567680356,98.87882693617692,192.86170266964012,109.34464762762846,174.3029610979295,103.64760872555796
106.13597146614408,197.98904265406395,262.0067246774362,156.779154559356,58.78587923679217,316.6527375986949,191.3581984612485,108.5410039381941,173.8810900915277,102.4220940297218
108.64439501407232,197.69547505498372,260.92156253646687,155.66007106082608,56.58163359729297,319.7509329497197,192.4915682080148,108.67589890588943,171.77046830075275,100.4463672066422
258.8980934093968,210.69037778009445,262.333966735153,149.58044735040696,53.24837108323563,94.30897504397241,191.870273598398,106.94020524220208,170.4295264730145,98.7036276859215
113.29737851941442,201.7563873280748,274.94303590716913,148.3843418005558,51.71330967405417,315.821417285852,191.1333755905644,119.04147754902944,169.1262685138813,96.55367802924
268.9490366529016,212.9223535323355,276.39236575770275,142.2775909845556,49.19844813419967,96.46825097077301,189.5251270662692,114.89282626607172,169.26692357514105,94.68826251837788
106.60383449444522,198.61732439163748,271.4532183039517,138.15857678496982,46.74976687450182,307.60332154155617,190.5350478971509,107.50213561800165,167.52949846426648,92.16954417425272
117.29856583415418,204.499624829421,270.0,136.24462176964698,46.244621769646976,314.0338632885684,190.870605013028,102.8932397614402,168.4081396651692,91.3013794266094
113.12549615418804,208.77886113369425,272.1786944608677,131.72333431190987,45.29933081390227,307.93522384544383,192.37474144926375,100.07719454938352,168.525436361295,90.0
105.10106740764957,188.340348865518,268.2137635350427,130.81887720819444,43.80197436294775,304.08368408032743,190.4837696515938,95.15550216479588,169.1948119445028,89.11963506523308
108.89670763060336,192.8164152821875,279.4896064818108,126.66451582717764,42.87598355849586,306.06195590001494,191.57764356750627,102.9342195885017,168.61217790644497,88.26832821493588
102.52263236251004,183.23147731247184,280.93077425817006,127.04123957373766,43.19748019898881,300.23515270202887,191.08528638072056,107.3221681978684,164.44630316333487,86.99405177824448
111.28162748941772,179.2156690251711,300.6976373361014,125.26780717798924,43.114647882922576,308.2347038973991,189.25256804787088,127.2959018791553,161.2904249303931,85.73565321043763
113.32749851912104,237.84876219654603,309.63844950205964,124.014582642947,42.57922427868523,282.12751484584527,191.47329527435855,133.54998922268067,162.98608823418604,85.46226959054533
108.53630832166992,169.22826360599615,309.62225571413694,124.83994818820234,44.69832356395391,308.3060867370607,192.0664732100204,131.8197670932155,161.8945510151565,83.95043776998655
111.07463347793528,170.22243485174303,305.7594648912266,119.58382262094808,45.457006199273486,309.2078438811903,192.10827657983828,120.72113767651749,161.66124152795652,82.49609789157277
112.47036230194963,173.1907521103952,302.7923514153327,124.81488896753308,47.02093933151856,309.2864667841176,192.32318808736164,118.93903542392935,163.58996512046932,81.9425861566759
115.99629053961172,170.79213285531716,293.75951869050647,119.5105240761044,48.86370663017176,313.5158604036767,192.5785942198806,100.36047847609262,166.62723371119176,82.58140850917576
114.70967059870932,172.7229372143287,301.0486379545018,114.36060975506147,47.25976211703043,313.07702838560147,193.58697940192152,102.79657319846932,167.00705071158623,81.6540830422185
122.39155287378748,176.07440684408382,297.58066280011906,116.62716373916116,50.10288583323968,319.1818729927599,194.84875442743112,96.58277693443407,167.75622071434285,80.23405694273642
122.7446375768538,174.82994872074443,299.1978990773609,117.2231502213962,51.63098248145744,320.21301270910544,196.02652819640952,94.78987637809391,169.67442910901963,79.67442910901964
115.94637586865184,174.64307593483932,305.31336119617424,121.08846113820584,56.089445042529725,313.2248550153305,194.3257585101638,99.45767708010152,169.80108140943443,78.94662341153646
117.92977399695236,173.96787566370588,302.6435543994381,130.0549445778597,64.55997141302001,315.98509043460643,194.5914239345344,95.57743815632716,170.5084852843901,77.94739587643949
122.09375537797044,176.7083042595988,294.1540007996553,134.1726445170353,68.32664531669063,320.03558690560857,195.9189983841728,87.46132142046845,167.3188003142037,74.78012173467216
116.57225865456138,175.96698968604164,302.6932540639199,133.3140195914562,71.5998294498402,314.68038825899595,195.77343002013768,89.44793814530239,170.11281478241057,75.15306546242725
118.18123658704285,218.1667397154692,101.53510646648581,145.49946847644176,73.39702290724993,286.51446230302724,197.5393087881355,259.02981829762376,168.7154910700081,74.1073872973544
120.23661123217212,177.06817057259929,100.52682050439496,155.32283691166705,80.61582271193579,316.48902941037545,195.9966953711192,259.2725144600197,169.8469511005083,73.88564984098093
110.023535811053,224.46415109177389,93.89122225369982,161.76005789031086,85.9923065665115,274.11632448523653,197.41661103055557,251.73388583931768,170.6552350784698,72.73014734028823
115.15956402594446,218.41179216860897,108.9869725630568,166.21160576153633,90.0,282.3336514337959,196.9765307814424,266.6146879366823,169.75554382482792,71.1714053756845
113.33361558234824,184.96370244615557,151.48897019540854,168.2306608435957,94.67940224767065,306.74500789718866,194.8311145019786,304.67782865251974,171.67420036456775,71.31248789718046
113.9749597462494,236.28100736579992,178.39838217427538,173.02256015753605,99.83277936547832,274.16653171305967,195.64545416324916,330.5244282512897,170.88548169776567,69.82147217931902
114.85061164392894,238.1809552842657,242.2785104793994,177.34251466917243,104.63477701551042,276.98778048110194,196.48091466430927,31.99800150755716,172.33894415591163,69.35069753040737
115.497585119283,237.71463219788612,310.9061396083574,171.04578714762923,106.8515182006364,276.93668803217724,196.2551809418764,91.46836453774468,171.6303030245692,67.99825900696361
109.7787377195138,238.11045890386265,315.4778578110205,172.8051218181099,109.31898773568882,270.8780756499699,196.31721668364264,93.91306060723257,172.44449754542606,67.3935904706062
113.80484455759358,242.99910969041383,302.3704534779267,174.18891570297242,110.21638061981189,273.24181918732177,198.483806947531,81.39375419332247,169.9424945485468,64.99317068833217
109.00530642690357,239.72751078257167,304.8218688010146,170.49531691782866,108.38670734328812,271.33575858558123,197.90501641175368,80.53995688807238,170.98959299422407,64.59907150674131
106.84931569207193,185.69649124852464,300.15660636917164,171.0355423732678,107.36858598254368,266.3912672632156,196.8193993816846,76.41715843718441,169.96059225405952,62.55418182247982
112.46463126395948,180.86143679632056,300.11266627285806,169.7298450777978,106.47769117986412,272.71891767772075,194.9703316180344,75.28091434593912,168.533767923398,60.4497767570568
106.51352026926747,188.1106690224811,301.3527000737679,169.57473460987865,105.38658130715552,264.0155640010731,195.80871455591088,78.20420096135645,165.53293678409872,58.19628436896414
105.22902098608928,242.5446006796108,311.5458761948309,168.45312533154447,103.79256487193992,266.14172861781446,195.05370170602183,89.41169634064755,162.79694436373845,56.00218025558805
109.95517323837988,182.78342825429715,309.66314419465374,166.4019567531761,101.5807998303838,271.72070103750167,195.70229169625088,87.65313886202716,161.27415840314498,54.44299614772599
102.5207585916188,183.89668418234885,302.3116560386943,164.57969037395668,99.53416858508814,264.7563198538869,194.81363672062065,80.82076165184989,159.5242494438558,52.98784453944519
102.51381365084426,181.9341578667579,299.5726091420534,162.3717774396513,96.22683703328963,265.2422080254249,192.69171027840815,81.21459301251016,153.4639439575367,48.96097832911502
102.09153953542372,184.34063115843352,299.4855394418625,163.236127881902,95.78725277629516,264.4315273639568,191.1935670548848,85.02175562277118,148.64598855056573,46.733329625867576
101.47847094556292,183.70842345304857,303.6831934055354,161.49555832227392,93.83394138145513,266.9966766637035,189.9275649027456,92.40003187080748,142.66478738306452,43.720008907517766
100.07325258851571,223.38956737147743,302.96180229600344,159.93132500965464,91.89420343339741,269.4029432014012,190.07096662801123,95.03189633998493,136.55625707919796,40.589243847684166
100.80115498968364,221.9137112442484,300.92250338921207,159.23856440303922,89.53449480962128,267.4848090479554,188.3908658467428,98.49119432651773,130.7526873509235,38.61721001055109
102.5436574180518,223.870498088807,289.70849047434166,164.4803926016689,90.48374290696604,267.8472665967018,187.34454689442975,95.38349021907553,126.06371024757313,37.74214320051016
99.00839544420236,181.0717434097695,284.67485163881616,168.41169169489513,90.96077030537673,267.6437254897318,188.23786729282708,95.58649149426743,125.61949884834208,39.08021731427496
100.73108007350872,191.7477933395618,283.73822809128336,168.3895964121209,90.0,268.82992523132054,187.99845955435808,98.63961908582013,121.5837235743492,38.09552194432194
101.34850722156186,174.22095601869702,278.2532832202326,172.6937515374505,90.94703475768311,273.9224356861968,189.83638063743356,97.76588353964816,120.5723160668184,38.338199606466574
107.2007971894204,172.0792065243788,289.9875264739314,168.10748202943407,89.52477639649416,280.8899943303151,189.73117909002727,108.48273686194824,116.83297738768329,36.745404466383086
102.00486616644064,210.5826628107196,285.74011104169824,169.7061539631221,90.0,267.7586999520012,188.77256734579177,108.45835945183715,112.85527962125242,35.867374068269214
102.87087533111384,211.2150186502728,288.58539119643405,170.88127138789304,90.0,272.56083192214186,193.49747234125465,116.2806555581792,112.3727524726993,39.18675606353008
106.83630426747791,204.74645756805967,286.1276330235087,172.42369259004678,90.0,276.75197460576555,190.85728237647757,119.90893893553354,111.06958998266752,42.427203304645566
103.36259066826558,193.96570132741792,285.72573572031524,174.24505561127208,90.4635902410976,280.2935670074901,192.38301774451156,122.49287313258051,112.45570536197827,45.44131343686029
98.18362628181609,193.86600117307273,285.1196620499283,173.17611261548333,88.58328339736293,275.57127385030844,192.62665840692944,125.65027093506684,111.54443356723966,47.48221323425776
97.84399226883427,186.753371101286,284.51458774889653,165.92608571565103,81.3631979024435,280.7393802804893,195.126909885161,124.79051572886992,114.75406643541606,50.46710660218191
98.9032658823624,199.02910893322252,283.0716508360638,166.87033085005493,81.96779294918804,274.9151904506079,194.9336875794249,127.05497099059164,113.84224477533918,52.92308116764837
102.1851957041608,182.10117994312992,283.89451580937543,167.29819376948439,81.0672541416003,277.0519808640965,194.17420656879003,129.60186317456956,117.06416400281945,56.54064183505085
99.53819539571133,224.7912450032231,282.493923232721,168.92525650431926,81.54552583524665,276.00639046493046,195.54365586517628,130.8913050433746,119.98567427412777,61.00326731019773
92.18124797521853,218.450598386478,282.0446023720438,169.54587065092284,81.24960625654566,274.9693544656006,197.4584837942897,131.43537377076623,124.37425160253302,65.46876967726031
97.20513973642963,223.37257323064145,273.9123450354427,170.2624834619213,80.26248346192135,277.71459378703355,196.87408891407796,124.72712855844907,129.9115825934484,70.72636611645476
98.59458720585918,227.63401649661847,271.4449183906295,171.09334914983162,79.80464194816876,276.7378759091809,196.63331831592973,123.8412871112074,135.4959919758761,76.60365662104857
90.12414266644375,232.58024273092784,271.8544868799303,171.04715614165835,78.89996817774781,268.54715282637534,198.2927211496496,124.39990540457978,141.9476687032689,82.34589480134038
87.55343775716396,221.90017548657687,270.13663303158137,172.13770155253775,78.27481498193661,275.9378952550153,197.94021650985223,122.79505792452518,149.5597488155894,88.35522560485137
95.58977556796114,221.51949994808544,266.55278100434407,173.32570191206372,77.79279741565601,282.7301465590966,194.901945934289,113.85729800349056,162.2133429399076,93.98490361812622
97.07266495980012,196.4553624593223,263.48419377163253,172.96279304096183,76.44698681259443,296.4253917033731,196.52338275123472,110.69820951781846,169.1052182743128,99.80342779213123
98.47560899153261,203.1389764954725,261.81852230504165,174.27224668956785,76.09076899460953,295.0040952606814,195.3591409328181,110.9574900917359,172.9553022914324,103.9127923831683
90.03924699996065,197.96122080150988,268.89300633823694,173.938240392964,74.99241386991463,290.4757126654188,194.05297896413225,119.6577511147514,176.70083644616165,108.51980776349504
89.29076497084432,201.48888623321105,270.6475622589078,171.31330588855522,73.19839426422952,291.87363393790196,195.90286595199933,120.97347187517335,178.15375993177082,110.3647579237106
93.71140215730892,199.3922127903471,271.4359758982662,170.68387249195524,71.71168685661004,296.22659380248547,194.28457215015737,124.6164303244721,175.0809501119606,109.28916463271241
86.9545555642522,195.48221036265153,266.51584948843305,170.4429329053244,69.56647534471433,291.907839687318,193.5079912950404,119.33584930677296,175.65487571474935,107.59846480453812
87.71308922345239,203.30720780113504,267.86653494665086,169.353640775499,68.57984044840012,289.4550901657188,191.87666547449535,116.74383535744514,177.67906160051783,105.7825585815615
90.95386725960672,196.94712463811103,260.87966120587055,169.5244308659775,67.2811652660832,294.60533478307804,192.51112856357807,114.9940686618642,170.70469956357536,102.57579159161392
95.10774596960471,202.69726754242168,267.2327146185096,167.42733081198318,65.72299160197747,298.1703451613596,195.11324661306915,123.25921542601904,166.78677769735089,101.10893929485462
95.30565237667986,198.05591452185732,265.14449041120326,165.69420480135827,63.28459682940102,298.44028807254966,191.108115525278,114.05828108239764,173.08943571755796,99.59361577775572
95.46088275550704,194.91343649909152,268.67083315853966,162.1607886719885,60.9325457890171,299.22998893807886,192.7751245247688,119.30062089584274,167.89645942139688,97.29800797006264
95.63360489605513,228.9518367613539,269.7936938786345,161.25396033405872,59.14306933978131,281.5500838399855,191.4542134785334,122.7908271413823,164.2171756470667,95.1034227873427
96.16747151538323,213.6635690180912,270.50018525763085,154.954175674927,55.258080187946085,289.57574733698647,192.15923372313617,121.93853255484667,160.6655663558011,92.40781816603598
96.71421867645553,221.48257186837367,268.6660332329006,151.92190703028828,54.62014497317148,286.8574508554932,188.9309838485724,110.29127557361721,165.67651971640024,90.0
92.76716848671785,233.58015925532857,276.6841267871706,145.75367796131903,50.91918143358849,273.01323277612045,188.77179111969383,120.05372075030316,159.55955126764007,88.09460385156603
95.05198029997993,233.52736293909987,278.85150055436725,143.78384708277233,50.74491672712768,274.44446267216426,189.34197425245097,119.91255726856907,158.69451447019603,86.71664326103107
94.43486006708606,241.0956911227663,283.72838345895786,137.5833942377756,48.07315931013476,273.0717080650671,188.67894229184492,123.00854352598019,155.5434737468624,85.31339588267228
98.506491716571,230.78270998191744,286.87542167454126,132.57321073353526,46.64299736230188,276.12583204202286,185.41236234771483,120.24624472745369,155.93064280677348,83.37120580646409
95.32015688079201,219.0145466418809,289.2220554996311,130.25268428167865,45.117916688852254,283.79900596629886,188.82825770009143,121.79375523802808,154.4659149872802,81.90284713285081
96.17684816557981,182.3616054082926,291.7217688010875,126.97726670289963,44.39798104572152,283.72496378069843,187.741661370776,118.73764950576744,157.37710712939915,81.81370217690105
94.46023331662829,180.57468235024132,288.95461257959244,123.2611073136058,43.106848876885806,282.0178536511903,184.5559005057937,113.9550575238681,156.29128461112643,81.13746896521319
97.74876004110544,203.61247480474407,289.8014252577794,121.78404107915564,43.761033460180634,270.95025841159094,183.17816687219877,109.45698919141547,159.42851074791545,81.061014124243
95.51274673735384,205.22386653724683,289.92227675184984,121.52083623568716,43.75991930611893,266.0653001216053,183.21953884922297,106.83986016301462,161.54596733263023,80.70268499758241
93.28453920637608,168.10860712590625,290.28476224482904,121.82165325235773,45.100965974476345,271.1470954962392,183.99083844316195,104.204666468998,161.8993079962115,79.0984703019615
95.36293807505481,273.20698523061986,287.1559111068924,123.81221156429696,47.72819974587633,270.586536425663,176.45546812706263,96.89185058280901,166.88631365078948,80.53829305980379
90.0,267.8324690330244,291.27561680427254,124.14777198583232,48.94543558356863,270.0,19.126011681124066,99.29171094137433,166.08939324844084,78.90315244195672
91.84925231989916,297.93800205354216,294.16821410912286,125.11932947210502,51.894955040785135,277.9810692681772,37.66939186250633,98.62788751188653,167.37932594785383,78.6146249192975
90.0,170.103863785501,294.53705265246464,130.59832268113107,57.70073776286062,269.42510174911274,52.411022326217854,97.86915926472857,168.41209916634602,78.84657049232108
97.72583571495369,171.06883306767935,295.1468086844631,131.24066418976085,58.35658655490819,277.16298439610455,41.41271528736771,98.4682602713484,167.76339065986815,78.20070983610057
101.60411416576032,176.87040961020955,287.5025535298391,138.84650513395343,64.0025854068051,276.2356339947423,47.0096448070402,89.34534018030824,172.14124750633775,79.14017041096798
91.30474204384464,186.7265343520451,296.2823595269793,142.68117407511522,65.84467210330222,263.9133965525026,53.07150035738668,101.41268458222626,170.08433222738157,78.3781570810517
88.0861906140951,166.63993397401728,290.64493539368686,148.3170338768989,68.95034046628045,270.53080198969366,13.90643440229206,97.87730723709818,168.42786154749527,76.29360687120592
92.80319874559649,187.45896863000488,301.8004419206488,139.57997232571233,68.5645331826104,261.0694118241231,171.15324681200855,100.74847088160455,167.95981180940748,75.89246720022577
117.90238957038947,192.8207028781572,313.39974010627645,146.6545703151822,72.07991461217925,257.9751934154182,147.54858643442515,116.33739601015964,167.26393941797943,75.62700778588507
73.09961030101914,190.42290828543915,306.5469966005589,147.15842960754796,72.53956301460217,241.71780878415325,174.07792157747292,109.10178839326734,167.45217735117228,75.38810427368318
48.66415880245573,189.09744078271416,316.5999143653162,152.61373930061285,73.57887846402676,237.90391172299516,200.6555006466468,125.22988643398304,165.46854782123776,75.06365516226897
46.059345066699954,191.33402296148228,318.172169180107,154.6401182999308,74.28788227958164,231.9079899513102,197.0230712137572,127.72422736588445,165.58916480906007,74.78898252922733
87.3262282357239,192.57403571185003,302.20057690409294,156.3182076918096,74.29416160522102,250.21394103669928,168.6746426355413,113.43311548763111,165.09189170966334,74.30038239806862
46.48489108754058,188.6084089551744,323.89779753128687,160.13483725722125,73.72123362233158,230.00246131740752,191.5809995348278,140.3113969267922,163.62407781456469,73.6240778145647
40.085772331496216,186.89298449216545,289.6115052862163,161.66247714326713,72.78206111237154,222.58131148642957,191.006995837952,108.8830523021887,162.20397681382934,72.59510779890614
60.242475068753954,186.0064106700154,316.15086907789185,161.53175434147565,72.62420350459102,241.7666650507045,186.58910604742903,134.6895317097643,162.41028338214127,72.04139517712913
351.66101391799265,186.35943435103312,127.0176918327007,162.75936396503627,72.75936396503629,169.39544436831503,183.90714713374015,308.5580017187684,160.38511856666915,71.92498933246529
79.1330578830321,185.50473661254864,167.37205373191787,14.144819818094572,-74.53130412821027,260.49215716750865,189.26350748829995,166.81770846966555,353.2405917736391,84.00996146606157
264.0175394340865,179.8913840953339,90.0,161.15595794444334,71.15595794444336,83.50982579760678,179.01609826818455,271.1571334591797,159.84666706537064,71.00380052455031
79.60681427764446,169.66771992143615,84.31401498066737,166.21240566603484,70.5264206467022,81.06566715868519,171.3146563556813,90.0,158.9375800294196,68.93758002941962
82.43687138923124,181.07272955909255,0.0,160.87264688574783,70.87264688574783,83.0639164388448,181.05670990097843,180.0,160.3088204673674,70.3088204673674
171.40643313364424,157.5195049924241,84.44220924774947,163.6088611211848,68.05107036893428,0.0,168.21996916877475,90.0,158.06063186494683,68.06063186494681
355.2871095083133,351.4107222063843,56.02417353918106,160.34091438000658,70.34091438000658,1.1566297929390703,178.80205433761333,237.23064255623396,159.04863035624666,70.2544643484625
346.7509843803306,157.32187510041325,84.80213156792877,163.07510646037085,67.87723802829962,180.0,172.1987204608766,90.0,157.6929723104469,67.69297231044689
353.5540463351916,356.1495652682429,0.0,158.82972781446512,68.8297278144651,0.6716053756437941,181.84552629259457,180.0,158.52466429879655,68.52466429879657
74.87811630624,156.91176117797184,0.0,157.60666816983004,67.60666816983003,90.0,173.61991997024117,90.0,67.21605033877272,67.21605033877272
183.08721132008407,1.9133046403533704,0.0,158.68970346884208,68.68970346884208,180.0,176.91278867991593,180.0,158.48143042565206,68.48143042565206
90.0,155.6716589812014,90.0,156.1738150066463,66.1738150066463,90.0,156.56432168353004,90.0,157.56923184390567,67.56923184390567
182.25799113330476,0.0,14.168937138638755,157.84854718548837,67.84854718548839,0.0,167.95053115999903,342.9748132993694,8.93334421782896,67.73921561812475
0.0,339.641060398572,90.0,156.9635109041027,66.96351090410269,0.0,157.3830330444303,90.0,157.19837789035623,67.19837789035623
180.0,152.37658306375232,0.0,154.50145965514025,64.50145965514025,0.0,153.1871110735733,180.0,153.52735516631083,63.52735516631084
90.0,152.7664396172626,0.0,157.37182613152405,67.37182613152405,90.0,153.924770546913,0.0,335.91334201481874,65.91334201481874
0.0,151.45244382516307,0.0,336.10317998750173,66.10317998750175,180.0,152.94557398795092,0.0,155.45838038826753,65.45838038826751
0.0,154.46727557170084,341.09907606432773,337.9718339756751,67.97183397567508,180.0,154.96452412697255,148.66286447079452,347.3339202087246,64.89775136796108
90.0,164.37304515124617,347.96943898841783,345.6547816206964,75.65478162069638,90.0,164.37304515124617,161.4231663685254,349.1886984787273,72.64242622726023
349.25808928949124,192.754413914275,277.56440727663454,357.3854233898186,-85.05016933354683,0.0,145.85947398611495,256.01804714723056,340.39861672093974,56.41666386817035
